<?xml version="1.0" encoding="UTF-8"?>
<project-private xmlns="http://www.netbeans.org/ns/project-private/1">
    <data xmlns="http://www.netbeans.org/ns/make-project-private/1">
        <activeConfTypeElem>1</activeConfTypeElem>
        <activeConfIndexElem>0</activeConfIndexElem>
    </data>
    <open-files xmlns="http://www.netbeans.org/ns/projectui-open-files/2">
        <group>
            <file>file:/C:/Users/linds/Desktop/CIS_17A/Final/Final_Prob1_Random_Sequence/main.cpp</file>
            <file>file:/C:/Users/linds/Desktop/CIS_17A/Final/Final_Prob1_Random_Sequence/Prob1Random.h</file>
            <file>file:/C:/Users/linds/Desktop/CIS_17A/Final/Final_Prob1_Random_Sequence/Prob1Random.cpp</file>
        </group>
    </open-files>
</project-private>
