<?xml version="1.0" encoding="UTF-8"?>
<project-private xmlns="http://www.netbeans.org/ns/project-private/1">
    <data xmlns="http://www.netbeans.org/ns/make-project-private/1">
        <activeConfTypeElem>1</activeConfTypeElem>
        <activeConfIndexElem>0</activeConfIndexElem>
    </data>
    <editor-bookmarks xmlns="http://www.netbeans.org/ns/editor-bookmarks/2" lastBookmarkId="0"/>
    <open-files xmlns="http://www.netbeans.org/ns/projectui-open-files/2">
        <group>
            <file>file:/C:/Users/linds/Desktop/CIS_17A/Homework/Assignment%206/Gaddis_9thEd_Ch15_Employee_and_ProductionWorker_Classes/main.cpp</file>
            <file>file:/C:/Users/linds/Desktop/CIS_17A/Homework/Assignment%206/Gaddis_9thEd_Ch15_Employee_and_ProductionWorker_Classes/ProWrkr.h</file>
            <file>file:/C:/Users/linds/Desktop/CIS_17A/Homework/Assignment%206/Gaddis_9thEd_Ch15_Employee_and_ProductionWorker_Classes/Employee.h</file>
        </group>
    </open-files>
</project-private>
