<?xml version="1.0" encoding="UTF-8"?>
<project-private xmlns="http://www.netbeans.org/ns/project-private/1">
    <data xmlns="http://www.netbeans.org/ns/make-project-private/1">
        <activeConfTypeElem>1</activeConfTypeElem>
        <activeConfIndexElem>0</activeConfIndexElem>
    </data>
    <open-files xmlns="http://www.netbeans.org/ns/projectui-open-files/2">
        <group>
            <file>file:/C:/Users/linds/Desktop/CIS_17A/Final/Final/Problem2.txt</file>
            <file>file:/C:/Users/linds/Desktop/CIS_17A/Final/Final/main.cpp</file>
            <file>file:/C:/Users/linds/Desktop/CIS_17A/Final/Final/Prob3TableInherited.h</file>
            <file>file:/C:/Users/linds/Desktop/CIS_17A/Final/Final/Prob1Random.cpp</file>
            <file>file:/C:/Users/linds/Desktop/CIS_17A/Final/Final/Prob2Sort.h</file>
            <file>file:/C:/Users/linds/Desktop/CIS_17A/Final/Final/Employee.h</file>
            <file>file:/C:/Users/linds/Desktop/CIS_17A/Final/Final/Prob1Random.h</file>
            <file>file:/C:/Users/linds/Desktop/CIS_17A/Final/Final/Problem3.txt</file>
            <file>file:/C:/Users/linds/Desktop/CIS_17A/Final/Final/Employee.cpp</file>
            <file>file:/C:/Users/linds/Desktop/CIS_17A/Final/Final/SavingsAccount.h</file>
            <file>file:/C:/Users/linds/Desktop/CIS_17A/Final/Final/Prob3Table.h</file>
            <file>file:/C:/Users/linds/Desktop/CIS_17A/Final/Final/SavingsAccount.cpp</file>
        </group>
    </open-files>
</project-private>
